stim,sent,race,glasses,tattoos,trust,trust_2nd,afro,zAfro,attract,fWHR,zfWHR,maturity,DCNum,DCNum_MatchedControl
1,1,-1,0,0,2.666667,2.846154,5.47619,-0.799739,2.434783,2.130735,0.407365,5.421053,8035,8035
2,1,-1,1,0,3.166667,3.730769,6.380952,0.551349,2,2.134556,0.427499,5.789474,10243,10243
3,1,-1,0,0,2.8,2.846154,5.857143,-0.23086,2.173913,1.926967,-0.666401,6.052632,21641,21641
4,1,-1,0,0,2.8,2.346154,5.190476,-1.226398,2.043478,1.970453,-0.437249,6.157895,22762,22762
5,1,-1,0,0,2.1,2.307692,6.333333,0.480239,2,1.956171,-0.512511,5.947368,29315,29315
6,1,-1,0,0,2.8,3.269231,5.714286,-0.444189,2.73913,2.125988,0.382348,4.736842,40002,40002
7,1,-1,0,0,3.066667,3.346154,5.619048,-0.586409,2.521739,1.9,-0.808506,5.473684,44049,44049
8,1,-1,0,0,3.3,3.653846,5.47619,-0.799739,2.608696,2.073874,0.107731,4.526316,46346,46346
9,1,-1,0,0,3.233333,2.923077,3.809524,-3.288585,2.695652,2.08176,0.149289,5.631579,46622,46622
10,1,-1,1,0,2.8,3.192308,5.809524,-0.30197,1.608696,1.930618,-0.647161,5.315789,46651,46651
11,1,-1,0,0,3.166667,3.230769,5.761905,-0.37308,2.565217,2.025808,-0.145557,4.736842,51769,51769
12,1,-1,0,0,2.566667,2.615385,5.809524,-0.30197,2.217391,1.794857,-1.36256,5.894737,62368,62368
13,1,-1,0,0,2.466667,2.846154,5.857143,-0.23086,2.086957,2.316976,1.388771,5.105263,65135,65135
14,1,-1,0,0,2.666667,2.884615,5.714286,-0.444189,2.304348,1.939895,-0.598276,6.052632,72847,72847
15,1,-1,0,0,3.033333,3.230769,6.666667,0.978008,2.565217,2.048301,-0.027026,5.368421,75812,75812
16,1,-1,0,0,3.1,3.692308,6.142857,0.1958,2.913043,1.902842,-0.793529,5.105263,78081,78081
17,1,-1,0,0,2.666667,3.038462,5.571429,-0.657519,2.347826,2.338348,1.501393,4.578947,81163,81163
18,1,-1,0,0,3.1,3.307692,6,-0.01753,2.434783,1.691641,-1.906465,5.421053,82284,82284
19,1,-1,0,0,2.7,2.923077,6.142857,0.1958,2.652174,1.821141,-1.224058,5.789474,84643,84643
20,1,-1,0,0,3.333333,3.576923,6.571429,0.835788,3.347826,2.376059,1.700111,4.105263,86160,86160
21,1,-1,0,0,2.4,2.692308,5.761905,-0.37308,2.782609,2.027397,-0.13718,5.210526,87429,87429
22,0,-1,0,0,3,3.615385,5.761905,-0.37308,2.173913,1.80084,-1.331037,5.947368,15506,20101
23,0,-1,0,0,3.533333,3.269231,5.619048,-0.586409,2.782609,1.925926,-0.671888,4.894737,27921,8359
24,0,-1,0,0,3.8,3.384615,6,-0.01753,3.043478,2.150246,0.51018,6.315789,29850,85926
25,0,-1,1,0,3.3,3.192308,5.380952,-0.941959,2.347826,1.858456,-1.027425,5.263158,36956,64202
26,0,-1,0,0,2.933333,2.961538,6.095238,0.12469,2.130435,1.926302,-0.669904,5.631579,39612,92241
27,0,-1,0,0,2.6,2.807692,5.428571,-0.870849,2.391304,2.069534,0.08486,5.421053,40918,874050
28,0,-1,0,0,2.566667,3.461538,6.142857,0.1958,2.652174,1.872015,-0.955976,5.578947,46045,486001
29,0,-1,0,0,2.7,3.5,5.47619,-0.799739,2.217391,1.634872,-2.205612,7,46621,45745
30,0,-1,0,0,3.233333,3.153846,6.52381,0.764679,2.130435,2.321311,1.411615,4.842105,49029,101438
31,0,-1,1,0,3.466667,3.807692,5.142857,-1.297508,2.304348,1.663509,-2.054708,6.315789,49258,44187
32,0,-1,0,0,2.566667,2.923077,5.190476,-1.226398,2.173913,1.877907,-0.924926,5.631579,52751,844189
33,0,-1,0,0,3.433333,3.115385,5.47619,-0.799739,2.608696,1.713441,-1.791589,5.157895,55142,75524
34,0,-1,0,0,2.4,3.076923,6.095238,0.12469,2.086957,2.115057,0.324747,5.894737,56804,181000
35,0,-1,0,0,2.9,2.538462,5.904762,-0.15975,2.130435,1.800382,-1.333448,6.157895,61286,139762
36,0,-1,0,0,3.233333,3.461538,6.285714,0.409129,3.391304,1.949605,-0.547111,5.736842,61790,65124
37,0,-1,0,0,2.6,2.538462,5.333333,-1.013068,1.956522,2.042857,-0.055713,5.578947,65876,119088
38,0,-1,0,0,2.6,3.346154,5.619048,-0.586409,2.652174,1.814803,-1.257458,5.631579,67231,213768
39,0,-1,0,0,2.9,2.730769,5.952381,-0.08864,3,1.901408,-0.801084,5.263158,68071,184139
40,0,-1,1,0,3.266667,2.807692,6.238095,0.338019,2.521739,1.923122,-0.686663,5.052632,69772,421783
41,0,-1,0,0,2.333333,3,5.952381,-0.08864,2.043478,2.015452,-0.200128,5.315789,71959,198578
42,0,-1,1,0,2.966667,2.538462,5,-1.510838,1.826087,1.842663,-1.110647,4.947368,73242,61903
43,1,1,0,0,2.533333,2.230769,1.571429,-0.597166,2.888889,1.854036,-0.526448,7,11225,11225
44,1,1,0,0,2.933333,2.538462,1.857143,-0.194355,3.166667,1.723409,-1.241643,6.263158,19513,19513
45,1,1,1,0,1.933333,2.346154,2.666667,0.946943,2.166667,2.08087,0.715497,6.210526,19762,19762
46,1,1,1,0,2.933333,3.538462,1.666667,-0.462896,2.277778,2.002153,0.284516,6.473684,25171,25171
47,1,1,0,0,2.7,3.038462,1.666667,-0.462896,1.611111,1.792196,-0.865026,5.578947,26985,26985
48,1,1,0,0,2.166667,2.038462,2.142857,0.208456,2.277778,2.035835,0.468926,6.105263,39763,39763
49,1,1,1,0,3.033333,3,2.095238,0.141321,1.777778,1.795349,-0.847765,6.526316,42115,42115
50,1,1,0,0,2.633333,2.5,1.47619,-0.731437,2.666667,1.963194,0.07121,5.842105,48606,48606
51,1,1,1,0,2.533333,3.192308,1.47619,-0.731437,2.055556,2.001601,0.281489,6.631579,49546,49546
52,1,1,0,0,2.666667,2.846154,1.952381,-0.060085,1.777778,2.116667,0.911491,5.473684,53779,53779
53,1,1,1,0,3.266667,3.961538,1.619048,-0.530031,2.166667,1.6667,-1.552133,6.263158,53948,53948
54,1,1,1,0,2.166667,2.461538,1.52381,-0.664301,2.055556,2.192281,1.325487,5.947368,56338,56338
55,1,1,0,0,2.566667,3.076923,1.904762,-0.12722,1.5,1.967382,0.094139,6,58279,58279
56,1,1,0,0,2.133333,2.269231,2.142857,0.208456,2.888889,2.007042,0.311283,6.210526,58293,58293
57,1,1,0,0,2.733333,2.807692,1.714286,-0.395761,1.777778,2.142725,1.054163,5.631579,59121,59121
58,1,1,0,0,2.333333,2.115385,1.428571,-0.798572,2.5,1.861446,-0.485876,6.842105,61222,61222
59,1,1,1,0,2.533333,2.923077,1.952381,-0.060085,2.722222,2.369796,2.297408,6.368421,61360,61360
60,1,1,1,0,2.4,2.538462,1.619048,-0.530031,1.666667,1.833451,-0.639149,6.526316,63143,63143
61,1,1,0,0,2.7,3.115385,2.047619,0.074186,2.944444,2.055948,0.579046,5.631579,65145,65145
62,1,1,0,0,2.866667,3.038462,1.952381,-0.060085,2,1.800392,-0.820151,6.210526,66600,66600
63,1,1,0,0,2.4,2.423077,1.761905,-0.328625,2.333333,1.642948,-1.682178,7.105263,67048,67048
64,1,1,0,0,2.666667,3.115385,2.666667,0.946943,1.5,2.110593,0.878236,4.368421,68610,68610
65,1,1,0,0,2.466667,2.615385,1.904762,-0.12722,1.833333,2.094809,0.791817,5.631579,71551,71551
66,1,1,0,0,2.433333,2.5,2.142857,0.208456,2.222222,2.4172,2.556947,6.157895,71588,71588
67,1,1,0,0,2.533333,2.692308,1.619048,-0.530031,3.277778,1.779622,-0.933871,6.263158,71615,71615
68,1,1,1,0,3.266667,3.076923,3.142857,1.618295,2,2.14464,1.064647,4.736842,72002,72002
69,1,1,0,0,2.733333,2.538462,1.52381,-0.664301,1.555556,1.857287,-0.508643,6,72593,72593
70,1,1,0,0,2.033333,2.307692,1.571429,-0.597166,1.833333,1.900234,-0.273504,6,72746,72746
71,1,1,1,0,2.5,3.115385,1.619048,-0.530031,2.388889,1.93975,-0.057149,5.631579,73045,73045
72,1,1,1,0,1.766667,2.192308,1.809524,-0.26149,2.555556,2.006024,0.305709,5.526316,73053,73053
73,1,1,0,0,2.166667,2.538462,1.571429,-0.597166,3.833333,2.088208,0.755676,5.789474,78387,78387
74,1,1,0,0,2.133333,2.346154,1.47619,-0.731437,2,2.035016,0.464441,6.736842,81792,81792
75,1,1,1,0,2.433333,2.576923,1.857143,-0.194355,1.5,1.869048,-0.444255,7,83040,83040
76,0,1,0,0,2.666667,2.423077,1.904762,-0.12722,2.333333,1.739275,-1.154778,6.894737,1522,199467
77,0,1,0,0,2.433333,2.153846,2.190476,0.275591,2.047619,1.631434,-1.745221,7.210526,12902,116997
78,0,1,0,0,2.766667,3.307692,1.619048,-0.530031,1.52381,1.665217,-1.560251,7.526316,16254,87161
79,0,1,0,0,2.566667,3.153846,1.809524,-0.26149,2.333333,1.904064,-0.252536,7.157895,19724,X55441
80,0,1,1,0,2.3,2.307692,1.47619,-0.731437,1.809524,1.840196,-0.602221,6.842105,22504,546180
81,0,1,0,0,2.933333,3.346154,1.571429,-0.597166,1.952381,1.721635,-1.25136,6.947368,28736,794987
82,0,1,0,0,2.633333,2.576923,1.666667,-0.462896,2.333333,1.867944,-0.450299,6.894737,29117,19823
83,0,1,0,0,2.133333,2.423077,2.904762,1.282619,2.428571,1.62886,-1.759315,6.842105,31540,141942
84,0,1,0,0,3.033333,2.307692,1.619048,-0.530031,2.333333,2.203151,1.385005,5.894737,37035,39552
85,0,1,0,0,2.566667,4.692308,1.619048,-0.530031,2,1.727596,-1.218723,6.157895,40123,860877
86,0,1,0,0,2.3,3.269231,1.52381,-0.664301,2.428571,1.862812,-0.478397,5.789474,42047,49043
87,0,1,1,0,2.633333,3.653846,2.095238,0.141321,1.952381,1.934638,-0.085141,6.052632,44321,66725
88,0,1,0,0,1.833333,2.615385,2.285714,0.409861,1.571429,1.845137,-0.575167,5,47585,701172
89,0,1,0,0,2.933333,3.461538,1.619048,-0.530031,1.809524,1.743379,-1.132307,5.631579,51110,197423
90,0,1,0,0,2.633333,3.384615,2.428571,0.611267,2.190476,2.18838,1.304132,6.526316,52319,196555
91,0,1,0,0,2.566667,3.192308,2.47619,0.678402,1.952381,2.184343,1.28203,5.526316,52709,59755
92,0,1,1,0,2.633333,2.307692,2,0.00705,1.571429,1.853899,-0.527197,6.789474,52938,747706
93,0,1,1,0,2.733333,2.884615,1.571429,-0.597166,2.095238,1.932309,-0.09789,6.526316,56056,59314
94,0,1,1,0,2.4,3.269231,1.904762,-0.12722,2.047619,1.596591,-1.93599,7.157895,56629,109896
95,0,1,0,0,2.566667,2.615385,2.380952,0.544132,2.047619,1.935215,-0.081979,6.736842,59025,920720
96,0,1,1,0,2.9,2.346154,2.380952,0.544132,3.190476,2.134783,1.010678,4.473684,60281,140497
97,0,1,0,0,2.833333,1.692308,2.095238,0.141321,1.904762,1.846123,-0.569768,7.263158,61053,916652
98,0,1,0,0,2.5,1.769231,1.47619,-0.731437,2.761905,2.198529,1.3597,5.526316,63503,107925
99,0,1,0,0,2.533333,3.384615,1.571429,-0.597166,2,1.537853,-2.257587,6.631579,63849,R18843
100,0,1,0,0,2.3,3.307692,1.714286,-0.395761,1.952381,2.016873,0.36511,5.421053,65192,V24691
101,0,1,0,0,3,2.615385,2.904762,1.282619,2.190476,1.850908,-0.543573,5.789474,68649,212444
102,0,1,1,0,4.066667,2.730769,1.809524,-0.26149,1.952381,1.89749,-0.288527,6.105263,69036,908407
103,0,1,0,0,2.7,3.230769,1.761905,-0.328625,2.190476,1.816262,-0.733263,7.315789,70419,196706
104,0,1,0,0,2.233333,2.692308,1.52381,-0.664301,2.47619,1.82392,-0.691333,6.210526,71245,X53234
105,0,1,0,0,2.5,2.423077,1.571429,-0.597166,2.142857,1.779885,-0.932431,6,71745,993555
106,0,1,0,0,2.066667,2.076923,2.095238,0.141321,2.190476,2.105047,0.847871,6.842105,71898,101231
107,0,1,0,0,2.933333,2.423077,1.809524,-0.26149,2.333333,1.979822,0.16225,7.210526,72627,92043
108,0,1,0,0,2.666667,3.653846,1.666667,-0.462896,2.380952,1.844595,-0.578138,5.947368,72704,U06212
109,1,-1,0,0,2.806452,2.966667,4.52381,-2.221936,2,2.205634,0.802047,5.235294,88568,88568
110,1,-1,0,0,3.193548,3.466667,5.571429,-0.657519,2.173913,1.790137,-1.387434,4.352941,99752,99752
111,1,-1,0,0,3.645161,3.366667,6.238095,0.338019,1.608696,1.839286,-1.128443,4.647059,100063,100063
112,1,-1,0,0,3.16129,3.3,5.714286,-0.444189,1.869565,1.857589,-1.031991,5.058824,100866,100866
113,1,-1,0,0,2.290323,2.666667,5.761905,-0.37308,2.130435,2.544772,2.589153,4.764706,106576,106576
114,1,-1,0,0,3.129032,3.366667,3.857143,-3.217475,1.826087,1.856184,-1.039396,5.058824,108426,108426
115,1,-1,0,0,3.225806,3.133333,5.809524,-0.30197,2.565217,1.880435,-0.911606,5.588235,111918,111918
116,1,-1,0,0,3.129032,3.133333,6.095238,0.12469,2.130435,1.782895,-1.425598,4.941176,113388,113388
117,1,-1,0,0,3,2.933333,6.095238,0.12469,1.652174,2.364638,1.63993,4,113416,113416
118,1,-1,0,0,2.677419,2.833333,6.190476,0.266909,2.304348,2.324011,1.42584,4.235294,115624,115624
119,1,-1,0,0,2.83871,3.2,5.857143,-0.23086,1.695652,2.122374,0.363308,4.705882,115769,115769
120,1,-1,0,0,3.354839,3.5,5.952381,-0.08864,1.913043,2.076602,0.122107,4.647059,116335,116335
121,1,-1,0,0,2.967742,3.4,5.47619,-0.799739,1.956522,1.838061,-1.134894,4.882353,117629,117629
122,1,-1,0,0,3.096774,3.1,5.047619,-1.439728,1.782609,2.051282,-0.011317,5.705882,119682,119682
123,1,-1,0,0,2.548387,2.633333,4.47619,-2.293046,2,2.009058,-0.233819,5.764706,120190,120190
124,1,-1,0,1,1.322581,1.6,5.714286,-0.444189,1.695652,2.110735,0.301973,5.117647,120774,120774
125,1,-1,0,0,2.870968,2.966667,4.952381,-1.581947,1.826087,1.950794,-0.540846,5.588235,122651,122651
126,1,-1,0,0,3.935484,3.8,5.761905,-0.37308,1.913043,1.689878,-1.915752,4.588235,123069,123069
127,1,-1,0,0,3.225806,3.433333,5.619048,-0.586409,2.869565,2.121555,0.358992,5.823529,123911,123911
128,1,-1,0,0,2.548387,2.733333,5.142857,-1.297508,2.391304,1.854895,-1.046188,4.705882,124283,124283
129,1,-1,0,0,3.516129,3.333333,5.809524,-0.30197,1.695652,2.095933,0.223975,4.058824,124493,124493
130,0,-1,0,0,3.354839,3.566667,5,-1.510838,2.304348,2.18542,0.695528,5.647059,73527,59921
131,0,-1,0,0,3.225806,3.766667,5.619048,-0.586409,2.043478,1.676635,-1.985538,5.294118,75050,181966
132,0,-1,0,0,2.967742,2.666667,6.285714,0.409129,2,1.709877,-1.810371,4.705882,75634,334606
133,0,-1,0,0,2.741935,2.6,6.52381,0.764679,1.826087,1.763298,-1.528865,4.764706,87653,43919
134,0,-1,0,0,2.322581,2.333333,4.285714,-2.577486,2.695652,1.987729,-0.346213,6.823529,91820,B09267
135,0,-1,0,0,3.258065,3.4,6.095238,0.12469,2.173913,2.051916,-0.007976,4.588235,94446,W03168
136,0,-1,0,0,2.483871,3.566667,6.238095,0.338019,1.782609,2.351138,1.568787,4.705882,97275,33405
137,0,-1,1,0,3.064516,2.833333,5.238095,-1.155288,2.086957,2.04918,-0.022393,5.058824,97518,361531
138,0,-1,0,0,3.709677,3.866667,4.714286,-1.937497,1.869565,1.975158,-0.412456,3.411765,99165,Q05827
139,0,-1,0,0,3.870968,3.433333,5.619048,-0.586409,2.086957,1.93973,-0.599148,5.647059,100613,252514
140,0,-1,1,0,3.774194,3.5,5.714286,-0.444189,2.130435,2.09724,0.230861,5.705882,102117,74654
141,0,-1,0,0,3.129032,3,6.333333,0.480239,1.608696,2.194444,0.743084,5,102672,962609
142,0,-1,0,0,3.83871,2.9,4.333333,-2.506376,1.956522,2.139173,0.451829,3.470588,111353,111353
143,0,-1,0,0,3.258065,3.066667,5.190476,-1.226398,2.043478,1.609456,-2.339541,5.411765,111907,26857
144,0,-1,0,0,3.322581,2.733333,6.095238,0.12469,1.521739,1.89411,-0.839542,4.235294,124237,330812
145,0,-1,0,0,2.967742,4.233333,6.333333,0.480239,1.521739,1.936581,-0.61574,4.588235,125785,672022
146,0,-1,1,0,4,3.3,5.809524,-0.30197,2.086957,2.355328,1.590868,3.235294,125842,716651
147,0,-1,0,0,2.645161,2.4,4.238095,-2.648596,2.347826,2.072996,0.103104,3.882353,126345,403967
148,0,-1,0,0,3.290323,2.6,6.619048,0.906898,2.73913,2.0693,0.083627,4.058824,132616,70768
149,0,-1,0,0,4.225806,3.133333,5.761905,-0.37308,1.826087,2.164935,0.587583,2.647059,133169,115924
150,0,-1,0,0,2.516129,2.733333,6.047619,0.05358,2.304348,2.116241,0.330985,3.411765,134699,778570
151,1,1,0,0,2.806452,2.533333,1.619048,-0.530031,1.857143,2.048333,0.537357,7,84582,84582
152,1,1,0,0,2.967742,2.7,1.619048,-0.530031,1.857143,2.031725,0.446423,5.117647,85488,85488
153,1,1,0,0,2.096774,2.333333,2.095238,0.141321,2.142857,2.176948,1.241539,5.588235,86006,86006
154,1,1,0,0,3.225806,3,1.428571,-0.798572,2.095238,1.866588,-0.45772,5.705882,86158,86158
155,1,1,1,0,2.290323,2.033333,2.190476,0.275591,1.761905,1.854605,-0.523329,6.411765,90411,90411
156,1,1,0,0,2.870968,2.666667,1.809524,-0.26149,2.285714,2.057692,0.588599,3.470588,92501,92501
157,1,1,0,0,2.806452,2.7,2.47619,0.678402,2.095238,1.980525,0.166099,6.294118,93094,93094
158,1,1,0,0,2.225806,2.366667,2.761905,1.081213,2.571429,1.695223,-1.395967,5.823529,93268,93268
159,1,1,0,0,1.870968,2.033333,1.857143,-0.194355,2.190476,1.751404,-1.088368,7.176471,93417,93417
160,1,1,0,0,2.774194,2.9,1.857143,-0.194355,2.285714,2.4069,2.500558,5.470588,94506,94506
161,1,1,0,0,2.032258,2.233333,2,0.00705,1.666667,2.115942,0.907523,6.764706,96344,96344
162,1,1,0,0,3.193548,3.433333,1.333333,-0.932842,1.52381,2.070031,0.656156,5.294118,97494,97494
163,1,1,0,0,2.83871,2.5,1.904762,-0.12722,1.428571,2.173611,1.223269,5.235294,99269,99269
164,1,1,0,0,2.290323,2.433333,1.428571,-0.798572,1.619048,1.775401,-0.956982,6.941176,101151,101151
165,1,1,1,0,2.612903,2.533333,2.142857,0.208456,1.619048,2.190512,1.315802,5.294118,101660,101660
166,1,1,0,0,2.548387,2.566667,1.380952,-0.865707,1.809524,2.040765,0.495918,5.882353,102992,102992
167,1,1,0,0,2.451613,2.5,1.571429,-0.597166,2.238095,1.880491,-0.381601,6.235294,105559,105559
168,1,1,1,0,2.645161,2.633333,2.333333,0.476997,2.333333,1.958048,0.043033,5.882353,105661,105661
169,1,1,0,0,2.774194,2.766667,1.238095,-1.067112,1.571429,1.955367,0.028357,5.294118,105669,105669
170,1,1,0,0,2.032258,2.266667,1.571429,-0.597166,2.52381,2.092262,0.777872,5.705882,106014,106014
171,1,1,1,0,3.129032,3.066667,1.809524,-0.26149,2.047619,1.793478,-0.858007,6.764706,108509,108509
172,1,1,0,0,2.967742,3.033333,1.571429,-0.597166,2.190476,1.974359,0.132338,5.470588,110365,110365
173,1,1,0,0,2.935484,2.733333,1.714286,-0.395761,1.571429,1.908664,-0.227352,5.941176,111508,111508
174,1,1,0,0,3.387097,3.366667,1.619048,-0.530031,1.857143,1.727273,-1.220491,6.588235,111640,111640
175,1,1,1,0,2.774194,2.6,1.809524,-0.26149,1.809524,1.86042,-0.491494,6.058824,112232,112232
176,1,1,1,0,2.225806,2.5,1.52381,-0.664301,1.714286,2.030057,0.437294,5.411765,112850,112850
177,1,1,0,0,2.677419,2.866667,2.380952,0.544132,1.571429,1.888974,-0.335154,5.235294,112967,112967
178,1,1,1,0,4,3.933333,1.761905,-0.328625,1.809524,1.777439,-0.945824,4.764706,116320,116320
179,1,1,1,0,2.290323,2.033333,2.095238,0.141321,1.952381,2.003723,0.29311,6.529412,117157,117157
180,1,1,0,0,2.451613,2.2,1.619048,-0.530031,1.52381,1.645489,-1.668267,6.117647,118167,118167
181,1,1,0,0,2.290323,2.533333,2.47619,0.678402,1.714286,2.046537,0.527521,5.470588,119773,119773
182,1,1,0,0,2.16129,2.4,1.380952,-0.865707,1.666667,2.129229,0.98027,6.294118,120467,120467
183,1,1,0,0,4.193548,3.866667,1.571429,-0.597166,1.952381,2,0.272726,4.470588,121605,121605
184,0,1,0,0,2.129032,3.266667,1.571429,-0.597166,1.714286,2.068653,0.648611,6.058824,73580,644284
185,0,1,1,0,2.774194,2.833333,1.571429,-0.597166,2,1.974354,0.132309,6.352941,75712,52044
186,0,1,1,0,2.612903,4.233333,1.619048,-0.530031,1.428571,1.982502,0.176921,5.823529,75821,50853
187,0,1,0,0,2.741935,3.1,2.333333,0.476997,3.190476,1.947368,-0.015439,5.294118,76404,67810
188,0,1,0,0,2.451613,3.033333,3.666667,2.356781,2.095238,2.12465,0.9552,5.647059,77774,184608
189,0,1,0,0,2.645161,2.866667,2,0.00705,2.52381,1.724462,-1.235878,6.352941,79356,811632
190,0,1,0,0,3.322581,4.1,1.857143,-0.194355,2.095238,1.86898,-0.444627,5.764706,81947,52319
191,0,1,1,0,4.548387,3.066667,2.47619,0.678402,1.428571,1.701642,-1.360824,5.588235,83568,122401
192,0,1,0,0,2.83871,2.933333,1.714286,-0.395761,2.142857,1.810663,-0.763918,6.470588,83630,1522
193,0,1,0,0,3.451613,2.733333,1.47619,-0.731437,1.904762,1.736759,-1.168553,6.176471,85019,220956
194,0,1,1,0,2.548387,3.066667,2.380952,0.544132,2.380952,1.72744,-1.219576,6.529412,85642,53934
195,0,1,0,0,2.419355,3.666667,1.714286,-0.395761,1.857143,1.897046,-0.290958,5.823529,86061,570672
196,0,1,0,1,1.612903,2.366667,2.380952,0.544132,2,1.838889,-0.609378,5.882353,86884,65682
197,0,1,1,0,3.548387,3.233333,1.285714,-0.999977,2.761905,1.696429,-1.389366,6.705882,87327,61847
198,0,1,0,0,2.967742,2.733333,4.809524,3.968026,1.952381,1.654167,-1.620756,6.411765,91109,123125
199,0,1,0,0,3.193548,2.933333,1.666667,-0.462896,1.857143,1.779802,-0.932888,5.529412,93340,187339
200,0,1,0,0,2.290323,3.866667,2.095238,0.141321,2.238095,1.897413,-0.288951,6.235294,94009,137773
201,0,1,0,0,2.354839,3.2,1.666667,-0.462896,1.952381,2.43558,2.657582,4.882353,94209,L23552
202,0,1,0,0,2.935484,3,4.714286,3.833755,1.380952,1.814103,-0.745086,4.470588,95294,615791
203,0,1,0,0,2.774194,2.866667,1.857143,-0.194355,1.857143,1.632659,-1.738511,7.058824,95677,106482
204,0,1,0,0,2.580645,2.5,1.571429,-0.597166,2.333333,1.793808,-0.8562,5.882353,96122,544466
205,0,1,0,0,2.225806,2.566667,2.47619,0.678402,2.285714,1.596545,-1.936243,6.588235,96865,746159
206,0,1,0,0,2.967742,3.166667,1.619048,-0.530031,1.952381,2.108465,0.866585,4.941176,100330,507173
207,0,1,0,0,2.967742,3.333333,1.952381,-0.060085,2,2.223881,1.498501,5.294118,100707,165990
208,0,1,0,0,2.709677,3.533333,1.238095,-1.067112,2.619048,1.995655,0.248934,4.529412,103059,V15656
209,0,1,0,0,3.258065,2.233333,1.428571,-0.798572,1.619048,1.706377,-1.334896,6.529412,103454,99265
210,0,1,0,0,3.741935,2.3,1.666667,-0.462896,1.571429,2.142938,1.055329,5.176471,104873,214512
211,0,1,0,0,2.741935,2.8,1.571429,-0.597166,4,1.751695,-1.086777,5.235294,104899,139039
212,0,1,0,0,2.870968,4.666667,1.761905,-0.328625,1.619048,1.928066,-0.121121,6.647059,108205,882546
213,0,1,0,0,2.451613,2.866667,2.47619,0.678402,1.619048,1.979469,0.160314,5.058824,111471,L11917
214,0,1,1,0,3.516129,2.366667,1.52381,-0.664301,1.809524,1.741335,-1.143498,6.823529,113333,108495
215,0,1,0,0,1.967742,2.1,2.380952,0.544132,1.52381,1.827839,-0.669878,7.176471,115415,81623
216,0,1,0,0,2.806452,2.866667,3.095238,1.551159,1.333333,1.939167,-0.060344,3.529412,118229,140823
217,1,-1,0,0,2.433333,3,6.470588,0.685203,1.869565,1.943452,-0.579531,7.047619,124517,124517
218,1,-1,0,0,2.366667,3.137931,6.235294,0.333836,2.478261,1.825838,-1.199308,6.142857,124538,124538
219,1,-1,0,0,2.633333,3.827586,6.411765,0.597361,2.521739,2.041905,-0.060731,5.095238,124607,124607
220,1,-1,0,0,2.466667,3.275862,6.764706,1.124411,1.652174,2.195652,0.749448,5.380952,124669,124669
221,1,-1,0,0,2.566667,3.103448,6.529412,0.773044,3.217391,1.773042,-1.477517,5.190476,125172,125172
222,1,-1,0,0,2.233333,3.448276,5.117647,-1.335154,1.652174,2.295568,1.275957,5.142857,128019,128019
223,1,-1,0,0,2.466667,3.482759,3.882353,-3.179828,2,2.270161,1.142078,4.904762,130335,130335
224,1,-1,0,0,3.166667,3.896552,5.705882,-0.456738,1.565217,2.138213,0.446772,4,130985,130985
225,1,-1,0,0,2.633333,3.068966,4.588235,-2.125729,1.913043,1.895785,-0.830719,3.619048,131596,131596
226,1,-1,0,0,1.8,2.862069,6.705882,1.036569,1.521739,2.21217,0.836489,4.809524,132474,132474
227,1,-1,0,0,2.666667,3.034483,6.176471,0.245995,2.086957,2.225577,0.907137,5.095238,133220,133220
228,1,-1,0,0,1.666667,2.241379,4.411765,-2.389254,1.956522,1.97361,-0.420614,4.238095,133428,133428
229,1,-1,0,0,2.766667,3.689655,5.882353,-0.193213,1.73913,2.022388,-0.163576,4.333333,135963,135963
230,1,-1,0,0,3.1,3.827586,6.176471,0.245995,2.217391,2.209596,0.822926,4.142857,138315,138315
231,1,-1,0,1,1.8,2.275862,4.941176,-1.598679,1.608696,2.035434,-0.094829,4.666667,148538,148538
232,1,-1,0,0,2.033333,3.137931,6.647059,0.948728,2.304348,2.1861,0.699113,5.428571,148739,148739
233,1,-1,0,0,2.833333,3.827586,7.235294,1.827144,2.608696,2.288128,1.236754,5.380952,180399,180399
234,1,-1,1,0,3.166667,3.931034,6.352941,0.50952,2.304348,2.039157,-0.075211,5.380952,192202,192202
235,1,-1,1,0,2.6,3.37931,5.411765,-0.895946,1.652174,2.00303,-0.265582,6.238095,200047,200047
236,1,-1,0,0,1.766667,2.241379,4.470588,-2.301412,2.391304,1.882433,-0.901074,5.809524,214353,214353
237,1,-1,0,0,2.7,3.758621,6.588235,0.860886,1.956522,2.11203,0.308797,5,217358,217358
238,0,-1,0,0,2.466667,4.241379,6.117647,0.158153,1.652174,1.752725,-1.584579,6.238095,137075,49258
239,0,-1,1,1,2.866667,3.172414,5.176471,-1.247313,1.73913,2.041096,-0.064994,4.714286,138353,304328
240,0,-1,0,0,2.9,3.448276,6.117647,0.158153,2.391304,1.784629,-1.416458,5.428571,139957,582950
241,0,-1,0,0,2.633333,3.517241,6.647059,0.948728,2.2,2.280853,1.198417,3.952381,145829,X23560
242,0,-1,1,1,2.566667,2.931034,5.117647,-1.335154,3.066667,1.858261,-1.028452,4.333333,148425,117420
243,0,-1,0,0,2.4,3.551724,5.882353,-0.193213,4.533333,2.427099,1.969068,5.238095,165210,107566
244,0,-1,0,0,2.866667,3.517241,7.117647,1.651461,2.866667,2.313462,1.370251,4.142857,168329,J20918
245,0,-1,0,0,2.8,3.827586,5.882353,-0.193213,2.266667,1.966013,-0.460647,5.809524,181454,J36533
246,0,-1,0,0,3,3.62069,5.882353,-0.193213,2,1.887395,-0.874929,5.190476,186959,K08941
247,0,-1,1,0,3.2,2.758621,6.058824,0.070311,2.2,2.030331,-0.121721,4.333333,188275,123735
248,0,-1,0,0,1.533333,3.655172,6.941176,1.387936,3.133333,2.105628,0.27506,5.47619,189260,125842
249,0,-1,0,0,2.366667,3.689655,6.882353,1.300094,3.8,2.210475,0.827558,5.333333,189732,I05362
250,0,-1,0,0,2.633333,4.793103,4.764706,-1.862204,3,1.92013,-0.70243,5.619048,191533,125334
251,0,-1,0,0,2.5,2.724138,6.470588,0.685203,3.133333,1.891252,-0.854604,5.142857,191627,361209
252,0,-1,0,0,2.1,3.068966,6.529412,0.773044,2.866667,2.218698,0.87089,6.095238,193062,S22926
253,0,-1,0,0,2.533333,3.689655,5.882353,-0.193213,3.466667,2.31952,1.402178,4.428571,198421,C03329
254,0,-1,0,0,2.933333,3.275862,6.235294,0.333836,1.733333,1.86332,-1.001791,5.666667,250879,648699
255,0,-1,0,0,2.633333,3.896552,6.117647,0.158153,2.133333,2.170487,0.616838,4.428571,262009,364094
256,0,-1,0,0,3.033333,3.62069,5.647059,-0.54458,1.866667,2.068493,0.079377,5.809524,284760,B02227
257,0,-1,0,0,2.833333,4,6.294118,0.421678,2,2.038462,-0.078876,4.428571,293999,705765
258,0,-1,0,0,2.2,3.517241,6.941176,1.387936,4.666667,2.284001,1.215005,4.285714,297995,981420
259,1,1,1,0,2.933333,3.862069,2.705882,1.002231,1.619048,2.26414,1.718928,6.095238,121965,121965
260,1,1,0,0,2.033333,2.758621,1.882353,-0.158813,2,2.245601,1.617424,6.333333,122551,122551
261,1,1,0,0,3.466667,4.206897,1.647059,-0.49054,1.952381,1.928187,-0.120457,6.952381,122787,122787
262,1,1,0,0,2.233333,3.103448,1.705882,-0.407608,1.857143,1.975427,0.138188,5.666667,122995,122995
263,1,1,0,0,1.8,2.758621,1.470588,-0.739335,2,2.083333,0.728987,6.52381,123096,123096
264,1,1,0,0,1.9,2.586207,3.294118,1.831547,1.809524,2.384025,2.375309,4.809524,123101,123101
265,1,1,0,0,2.1,2.724138,1.588235,-0.573471,1.809524,2.113442,0.893837,5.095238,123846,123846
266,1,1,0,0,2.933333,3.551724,1.588235,-0.573471,1.809524,2.180156,1.259103,5.190476,123847,123847
267,1,1,0,0,1.933333,2.413793,1.647059,-0.49054,1.666667,1.964789,0.07994,5.333333,124052,124052
268,1,1,0,0,2.4,3.413793,1.529412,-0.656403,1.761905,2.044337,0.515477,6.619048,124346,124346
269,1,1,0,0,2.966667,3.862069,1.176471,-1.153993,2.263158,2.090802,0.76988,6.047619,124400,124400
270,1,1,0,0,2.366667,3.172414,1.705882,-0.407608,1.947368,1.958619,0.046158,5.904762,124439,124439
271,1,1,0,0,2.033333,2.862069,1.529412,-0.656403,1.578947,1.99368,0.238121,7.190476,124460,124460
272,1,1,0,0,2.2,2.931034,1.588235,-0.573471,1.947368,1.97973,0.161744,7,124639,124639
273,1,1,0,0,2.533333,3.344828,1.588235,-0.573471,2.315789,2.254011,1.663467,6.333333,124849,124849
274,1,1,0,0,3.033333,3.827586,1.470588,-0.739335,2.052632,1.940737,-0.051744,6.952381,127513,127513
275,1,1,0,1,1.8,2.344828,2.823529,1.168094,2.157895,2.164298,1.172276,5.857143,128135,128135
276,1,1,1,0,1.966667,2.896552,1.411765,-0.822266,2.842105,2.135714,1.015779,7.047619,129232,129232
277,1,1,0,0,1.666667,2.482759,1.882353,-0.158813,1.736842,2.355134,2.217129,3.285714,130930,130930
278,1,1,0,0,2.2,2.896552,1.411765,-0.822266,1.947368,2.032256,0.44933,6.047619,132254,132254
279,1,1,0,0,1.466667,2.172414,1.764706,-0.324676,2.052632,1.89726,-0.289787,7.428571,133897,133897
280,1,1,0,0,1.833333,2.413793,5.705882,5.231747,2,2.08266,0.7253,5.714286,135769,135769
281,1,1,0,0,2.3,3.206897,3.411765,1.997411,1.684211,1.986629,0.19952,4.809524,135556,135556
282,1,1,1,0,3.166667,3.965517,2.529412,0.753436,1.684211,1.928432,-0.119119,4.52381,135997,135997
283,1,1,0,0,2.966667,2.896552,1.470588,-0.739335,2.052632,2.036134,0.470567,4.666667,145267,145267
284,1,1,0,0,2.7,3.068966,1.705882,-0.407608,2.263158,2.201905,1.37818,5.952381,166224,166224
285,1,1,0,0,2.266667,2.62069,2,0.00705,1.842105,1.77431,-0.962954,5.333333,180632,180632
286,1,1,0,0,2.4,3.310345,2,0.00705,1.947368,1.872624,-0.424671,6.52381,182543,182543
287,1,1,0,1,1.866667,2.448276,1.411765,-0.822266,1.473684,1.937884,-0.067366,6.047619,185563,185563
288,1,1,0,0,2.066667,3.37931,1.647059,-0.49054,1.578947,1.80933,-0.771217,6.571429,188854,188854
289,1,1,0,0,1.833333,2.551724,1.647059,-0.49054,2.263158,2.169699,1.201852,5.190476,189262,189262
290,1,1,0,0,2.2,2.793103,2.352941,0.504641,2.052632,1.860268,-0.492325,7.095238,197598,197598
291,1,1,0,0,3.3,3.758621,2.235294,0.338777,1.473684,1.80694,-0.7843,4.904762,200754,200754
292,0,1,0,0,3.333333,3.068966,2.294118,0.421709,2.473684,1.903314,-0.25664,4.52381,118384,726351
293,0,1,0,0,2.366667,3.965517,1.411765,-0.822266,2.052632,1.963861,0.074858,5.285714,118675,140883
294,0,1,0,0,2.466667,2.586207,1.529412,-0.656403,2.736842,1.84676,-0.56628,6.380952,120691,42451
295,0,1,0,0,2.333333,4.137931,1.529412,-0.656403,3.157895,1.795726,-0.845697,6.761905,121338,114474
296,0,1,0,0,2.533333,2.517241,2.470588,0.670504,2.315789,1.773256,-0.968727,6,122653,K77419
297,0,1,0,0,2.533333,3,1.529412,-0.656403,1.684211,1.810047,-0.767289,7.142857,122831,E13011
298,0,1,0,0,1.733333,3.37931,3.588235,2.246206,2.736842,2.263061,1.71302,5.142857,124330,983369
299,0,1,0,0,2.766667,3.655172,1.764706,-0.324676,2.263158,1.927632,-0.1235,5.380952,124489,103884
300,0,1,0,0,2.566667,3.034483,1.294118,-0.98813,2.894737,2.204489,1.39233,6.571429,124869,767816
301,0,1,0,0,2.833333,3.241379,1.705882,-0.407608,1.736842,1.829844,-0.6589,7.428571,125128,73644
302,0,1,0,0,2.366667,2.931034,1.470588,-0.739335,1.578947,1.811581,-0.758893,7.333333,126382,166143
303,0,1,0,0,2.066667,3.344828,1.705882,-0.407608,1.684211,2.172517,1.217277,5.761905,126913,x12536
304,0,1,0,0,2.8,2.62069,2,0.00705,2.842105,2.140989,1.044659,4.857143,128006,K02412
305,0,1,0,0,2,2.724138,1.705882,-0.407608,2.210526,1.843373,-0.584824,6.52381,130909,95290
306,0,1,0,0,1.733333,2.827586,3.764706,2.495001,2.473684,2.163337,1.167017,5.190476,133213,91858
307,0,1,0,0,2.233333,2.689655,1.882353,-0.158813,3,2.053571,0.566036,4.761905,135568,863153
308,0,1,0,0,1.9,4.068966,1.823529,-0.241745,2.105263,2.078714,0.703695,5.428571,137911,P17407
309,0,1,0,0,3.633333,2.965517,3.764706,2.495001,2.157895,1.91622,-0.18598,4.619048,138154,12902
310,0,1,0,0,2,3.172414,1.941176,-0.075881,3.263158,1.909639,-0.222014,5.809524,138221,165058
311,0,1,1,0,2.833333,2.931034,1.470588,-0.739335,1.526316,1.927398,-0.124777,6.571429,138239,166296
312,0,1,0,0,1.8,3.517241,1.705882,-0.407608,2.052632,1.855498,-0.518438,7.619048,138732,B05045
313,0,1,0,0,2.5,2.206897,2.176471,0.255845,2.421053,1.659794,-1.589946,7.095238,138816,126605
314,0,1,0,0,1.9,3.827586,1.529412,-0.656403,1.473684,1.823443,-0.693945,6.47619,139753,Q05415
315,0,1,0,0,3.1,3.137931,3.470588,2.080343,1.631579,1.915385,-0.190554,4.571429,139803,Y53722
316,0,1,0,0,2,3.37931,1.705882,-0.407608,2.105263,1.748005,-1.106981,6.761905,140306,X11717
317,0,1,1,0,2.433333,3.931034,1.588235,-0.573471,1.947368,2.22755,1.518592,7.52381,140567,G03557
318,0,1,0,0,2,3.448276,2.058824,0.089982,2.210526,2.03125,0.443824,6.666667,140612,C06442
319,0,1,0,0,2.566667,2.931034,1.588235,-0.573471,2,1.673267,-1.516177,6.52381,165805,112359
320,0,1,0,0,2.566667,2.689655,1.941176,-0.075881,1.684211,2.026254,0.416471,6.428571,165844,756004
321,0,1,0,0,3.266667,3.62069,1.235294,-1.071061,1.842105,1.785153,-0.903591,6,165945,480984
322,0,1,0,0,2.066667,3.344828,1.647059,-0.49054,2.105263,1.765141,-1.013159,6.809524,166547,88585
323,0,1,0,0,1.666667,3.448276,1.882353,-0.158813,1.894737,2.098014,0.809364,5.380952,167128,467839
324,0,1,0,0,2.8,3.517241,1.647059,-0.49054,1.631579,1.85786,-0.505511,5.52381,168018,785821
325,1,-1,0,0,2.275862,1.827586,7,1.475777,2.2,2.076008,0.118979,4.818182,218693,218693
326,1,-1,0,0,2.448276,2.172414,6.52381,0.764679,1.733333,2.355904,1.593905,6.909091,233984,233984
327,1,-1,0,0,3.034483,2.551724,6.619048,0.906898,3.4,2.006942,-0.24497,4.272727,268130,268130
328,1,-1,0,0,1.827586,2.137931,4.52381,-2.221936,2.533333,2.013949,-0.208046,5.909091,286020,286020
329,1,-1,0,0,3.275862,2.862069,6.333333,0.480239,2.6,2.047015,-0.033801,6.363636,286173,286173
330,1,-1,0,0,3.517241,3.137931,5.47619,-0.799739,2.933333,1.702247,-1.850574,4.681818,288322,288322
331,1,-1,0,0,3.344828,2.586207,6.47619,0.693569,3.466667,2.15942,0.558523,4.818182,300807,300807
332,1,-1,1,0,4.275862,3.551724,6.238095,0.338019,1.533333,2.033784,-0.103525,4.863636,309567,309567
333,1,-1,0,0,3.068966,2.482759,5.952381,-0.08864,4,2.284081,1.21543,4.681818,310094,310094
334,1,-1,0,0,3.172414,2.758621,6.190476,0.266909,2.2,2.096911,0.229128,4.181818,314648,314648
335,1,-1,0,0,2.482759,2.103448,5.285714,-1.084178,2.2,2.165385,0.589952,5.636364,318987,318987
336,1,-1,0,0,1.931034,1.827586,6.285714,0.409129,3.066667,2.061538,0.042729,5.636364,330290,330290
337,1,-1,1,0,3.793103,3.034483,6.095238,0.12469,3.8,2.550481,2.619236,3.136364,338043,338043
338,1,-1,1,0,3.482759,3.310345,6.047619,0.05358,2.8,1.859773,-1.020483,5.318182,347463,347463
339,1,-1,0,0,2.689655,2.862069,6.380952,0.551349,2.933333,2.307615,1.339441,5.681818,368527,368527
340,1,-1,0,0,3.310345,2.758621,6.619048,0.906898,3.133333,2.050316,-0.016406,5.545455,406356,406356
341,1,-1,0,0,2.931034,2.206897,6.190476,0.266909,2.866667,1.97111,-0.433789,5.909091,420481,420481
342,1,-1,0,0,3.896552,2.758621,5.52381,-0.728629,4.533333,2.079587,0.137835,3.045455,436687,436687
343,1,-1,1,0,3.896552,3.275862,6.571429,0.835788,4.4,2.384842,1.746392,4.772727,440701,440701
344,1,-1,0,0,2.758621,2.586207,6.285714,0.409129,4,1.962905,-0.477025,4.363636,444904,444904
345,1,-1,1,0,3.586207,2.62069,6.333333,0.480239,3.333333,2.289147,1.242122,4.772727,447891,447891
346,0,-1,0,0,3.37931,3.275862,6.047619,0.05358,3.666667,2.089041,0.187656,3.681818,314377,187861
347,0,-1,0,0,2.655172,2.586207,6.333333,0.480239,4.666667,2.048301,-0.027026,5.136364,334606,95699
348,0,-1,0,0,2.758621,2.586207,6.809524,1.191338,2.6,2.365942,1.646799,6.090909,361531,M09499
349,0,-1,0,0,3.793103,2.724138,5.952381,-0.08864,1.6,1.701753,-1.85318,5.409091,382710,94485
350,0,-1,0,0,3.965517,2.931034,6.666667,0.978008,1.733333,1.975222,-0.412121,5.636364,397205,715533
351,0,-1,0,0,2.758621,2.827586,6.142857,0.1958,2,2.113492,0.316501,5.545455,405001,220568
352,0,-1,0,0,3.586207,2.551724,7.047619,1.546887,2.733333,1.879678,-0.915593,4.727273,426835,617512
353,0,-1,0,0,3.482759,2.62069,5.809524,-0.30197,1.666667,1.958272,-0.501441,4.045455,444523,189492
354,0,-1,0,0,2.827586,3,6.761905,1.120228,2.066667,1.91791,-0.714126,5.409091,448608,818055
355,0,-1,0,0,3.068966,2.206897,6.238095,0.338019,1.466667,2.031661,-0.114711,5.045455,452938,460254
356,0,-1,0,0,3.551724,2.586207,6.095238,0.12469,1.933333,2.0466,-0.035991,4.5,472575,82049
357,0,-1,0,0,2.862069,2.896552,6,-0.01753,1.333333,1.909962,-0.756012,5.681818,488577,B01978
358,0,-1,0,0,1.655172,2.758621,3.761905,-3.359694,2.6,1.909596,-0.75794,5.5,524895,J03793
359,0,-1,0,0,3.068966,2.586207,7.238095,1.831327,1.133333,2.088831,0.186551,5.590909,539688,891678
360,0,-1,0,0,2.275862,2.344828,6.952381,1.404667,2.866667,2.200267,0.773764,4.863636,540231,92162
361,0,-1,1,0,3.793103,2.827586,5.904762,-0.15975,1.933333,1.750855,-1.594435,5.590909,585365,23970
362,0,-1,0,0,2.827586,2.931034,6.285714,0.409129,1.8,1.836928,-1.140866,4.454545,603352,638947
363,0,-1,0,0,2.724138,2.551724,6.666667,0.978008,1.8,1.935641,-0.620694,4.409091,608253,111761
364,0,-1,0,0,3.206897,2.758621,6.857143,1.262448,1.8,2.256857,1.071969,4.318182,618834,126964
365,0,-1,0,0,3.448276,2.793103,6.952381,1.404667,2.333333,1.904882,-0.782779,4.909091,625721,124237
366,0,-1,1,0,3.827586,3,6.47619,0.693569,1.8,1.851923,-1.06185,5.681818,661810,58673
367,1,1,0,0,2.689655,2.310345,1.142857,-1.201383,2.210526,2.25,1.641508,5.454545,216728,216728
368,1,1,1,0,2.206897,2.034483,1.285714,-0.999977,2.105263,1.884116,-0.361754,6.909091,220267,220267
369,1,1,0,0,3.413793,2.862069,1.761905,-0.328625,2.315789,1.578785,-2.033482,7.318182,226426,226426
370,1,1,1,0,2.586207,2.862069,1.285714,-0.999977,1.894737,1.693681,-1.404408,7,256512,256512
371,1,1,1,0,2.172414,2.310345,1.333333,-0.932842,2.368421,1.929324,-0.114232,7.045455,282008,282008
372,1,1,0,0,2,2.37931,1.285714,-0.999977,2.157895,1.728423,-1.214192,6.136364,287224,287224
373,1,1,0,0,3.206897,3,1.190476,-1.134248,2,2.108592,0.867282,5.818182,288500,288500
374,1,1,0,0,3.310345,2.793103,1.47619,-0.731437,2,1.890223,-0.328319,5.181818,291140,291140
375,1,1,0,0,2.206897,2.310345,2.095238,0.141321,1.842105,2.094203,0.788499,5.863636,301898,301898
376,1,1,0,0,2.931034,2.62069,1.190476,-1.134248,1.526316,2.013709,0.347782,4.954545,309066,309066
377,1,1,0,0,3.034483,2.689655,1.428571,-0.798572,2.368421,1.499115,-2.469683,6.318182,311509,311509
378,1,1,0,0,3.793103,3.344828,1.047619,-1.335653,1.842105,2.055588,0.577079,4.590909,313067,313067
379,1,1,1,0,2.931034,3.137931,1.666667,-0.462896,1.526316,1.648728,-1.650533,7.136364,321031,321031
380,1,1,0,0,1.862069,2.310345,1.666667,-0.462896,1.368421,1.843366,-0.584866,6.5,322534,322534
381,1,1,0,0,3,3.172414,1.333333,-0.932842,2.736842,1.783596,-0.912115,7.136364,324170,324170
382,1,1,0,0,3.103448,2.965517,1.857143,-0.194355,1.684211,1.799007,-0.827734,6.636364,324342,324342
383,1,1,0,0,2.206897,2.37931,1.52381,-0.664301,1.736842,2.012669,0.34209,6.454545,335421,335421
384,1,1,0,0,1.965517,2.137931,1.285714,-0.999977,1.526316,1.626709,-1.771089,6.545455,349878,349878
385,1,1,0,0,2.758621,2.517241,1.285714,-0.999977,1.842105,2.035359,0.466319,5.909091,351997,351997
386,1,1,1,0,3.241379,2.724138,1.190476,-1.134248,2.578947,1.906205,-0.240814,6.954545,356054,356054
387,1,1,0,0,2,2.310345,1.809524,-0.26149,1.578947,2.05065,0.550043,6,358986,358986
388,1,1,0,0,2.068966,2.310345,1.952381,-0.060085,1.578947,1.912028,-0.208933,5.636364,375690,375690
389,1,1,0,0,2.241379,2.413793,1.142857,-1.201383,1.473684,1.775395,-0.957013,6.181818,379799,379799
390,1,1,0,0,1.758621,2.344828,2.761905,1.081213,1.578947,1.991523,0.226313,6.045455,391485,391485
391,1,1,0,0,2.517241,2.827586,3.190476,1.68543,1.789474,2.046136,0.525328,5.227273,406677,406677
392,1,1,0,0,1.931034,2.172414,1.238095,-1.067112,1.631579,1.942713,-0.040928,6.318182,442564,442564
393,1,1,0,0,3.931034,3.62069,2.095238,0.141321,2,1.619688,-1.809533,4.863636,445903,445903
394,1,1,0,0,2.206897,2.724138,1.190476,-1.134248,1.894737,1.904605,-0.249572,6.181818,445904,445904
395,1,1,1,0,3.37931,3.103448,2.619048,0.879808,1.631579,1.915913,-0.187664,6.227273,450307,450307
396,1,1,0,0,3.310345,3,1.238095,-1.067112,1.684211,1.958554,0.045803,5.363636,461776,461776
397,1,1,1,0,2.586207,2.37931,1.571429,-0.597166,1.736842,1.883884,-0.363025,7.318182,479701,479701
398,1,1,0,0,2.586207,2.482759,1.380952,-0.865707,1.947368,1.961569,0.062309,5.590909,479774,479774
399,1,1,0,0,3.448276,3.103448,1.285714,-0.999977,1.368421,2.15138,1.10155,6.090909,482053,482053
400,0,1,0,0,3,2.827586,2.47619,0.678402,2.631579,1.779595,-0.934018,4.409091,169307,354952
401,0,1,0,0,1.862069,3.37931,1.47619,-0.731437,2.052632,1.941783,-0.046021,6.545455,169711,52575
402,0,1,0,0,4,3.62069,1.47619,-0.731437,1.526316,1.57648,-2.046101,7.090909,181829,86447
403,0,1,0,1,3.241379,2.931034,1.238095,-1.067112,1.368421,1.859384,-0.497165,6.545455,181925,105168
404,0,1,0,0,2.206897,2.137931,2.904762,1.282619,1.578947,2.236607,1.56818,5.227273,184939,105619
405,0,1,0,0,3.413793,3.206897,1.904762,-0.12722,1.947368,1.93794,-0.067063,6.318182,185455,303636
406,0,1,0,0,2.689655,2.241379,4.047619,2.893863,1.894737,2.026957,0.420316,5.272727,186087,804453
407,0,1,0,0,5.206897,2.793103,1,-1.402788,2.105263,1.588462,-1.980499,7.5,187288,R28641
408,0,1,1,0,3.275862,2.344828,1.238095,-1.067112,1.736842,1.945932,-0.023304,3.590909,190763,994455
409,0,1,0,0,2.068966,2.62069,2.428571,0.611267,1.526316,1.923611,-0.145513,6.772727,191168,166966
410,0,1,0,0,2.310345,2.103448,6.142857,5.84781,2.789474,2.083127,0.727854,5.863636,192944,S02515
411,0,1,0,0,1.931034,3.068966,2.714286,1.014078,2.842105,1.742652,-1.136285,5.409091,194355,513215
412,0,1,0,0,2.931034,2.689655,4.47619,3.498079,1.789474,2.076828,0.693371,4.863636,194410,96510
413,0,1,0,0,2.758621,2.551724,1.666667,-0.462896,1.894737,1.599567,-1.919695,5.772727,195297,94783
414,0,1,0,0,3.517241,2.896552,3,1.416889,2.789474,2.050461,0.549005,4.363636,199141,105870
415,0,1,1,0,3.586207,3.137931,2.095238,0.141321,1.684211,1.901727,-0.265329,5.681818,199193,72492
416,0,1,0,0,2.482759,2.62069,1.904762,-0.12722,2.052632,1.719498,-1.26306,6.409091,210235,J53887
417,0,1,0,0,5.137931,3.241379,1.095238,-1.268518,2,1.601894,-1.906955,4.090909,216317,813612
418,0,1,0,0,3.482759,3.275862,1.380952,-0.865707,2.157895,1.801282,-0.81528,7.090909,217290,Y02938
419,0,1,1,0,3.689655,2,1.190476,-1.134248,2.5,1.660328,-1.58702,7.272727,237271,59394
420,0,1,0,0,2.827586,3.310345,1.285714,-0.999977,2.083333,1.62654,-1.772014,5.909091,238402,646124
421,0,1,0,0,2.275862,3.034483,1.333333,-0.932842,1.958333,1.693122,-1.407472,6.136364,242444,124330
422,0,1,0,0,2.206897,2.137931,1.571429,-0.597166,1.958333,1.936782,-0.073403,5.909091,245917,987180
423,0,1,0,0,2.137931,3.37931,1.285714,-0.999977,2.166667,1.651515,-1.635273,7.227273,251322,X48129
424,0,1,1,0,3.206897,3.551724,1.380952,-0.865707,2.25,1.829365,-0.661522,6.227273,265992,393409
425,0,1,0,0,3.448276,2.724138,1.619048,-0.530031,2.333333,1.631648,-1.744048,6.136364,268945,J52405
426,0,1,0,0,2.551724,2.517241,1.142857,-1.201383,2.333333,1.924784,-0.139094,6.454545,295638,U10810
427,0,1,0,0,2.172414,3.034483,1.380952,-0.865707,2.041667,1.656283,-1.609169,6.363636,297093,118061
428,0,1,0,0,2.137931,2.931034,1.52381,-0.664301,2.541667,1.89652,-0.293839,5.909091,331225,243749
429,0,1,0,0,2.241379,2.827586,1.714286,-0.395761,2.625,1.855668,-0.517509,6.772727,353249,265992
430,0,1,1,0,2.827586,3.241379,1.857143,-0.194355,1.583333,2.259091,1.691282,5.818182,357061,917170
431,0,1,0,0,2.172414,2.689655,2.142857,0.208456,1.916667,1.93617,-0.07675,6.909091,383826,235126
432,0,1,0,0,4,2.37931,1.619048,-0.530031,2.083333,1.658022,-1.599647,7.227273,393540,168873
433,1,-1,1,0,3.769231,3.928571,4.631579,-2.061004,1.733333,1.81968,-1.231754,4,472846,472846
434,1,-1,0,0,3.269231,3.142857,6.842105,1.239992,1.533333,2.129608,0.401424,3.857143,490606,490606
435,1,-1,0,0,2.923077,2.285714,6.421053,0.611231,1.733333,1.987821,-0.345731,4.714286,490989,490989
436,1,-1,0,0,3.153846,2.714286,6.052632,0.061065,2.666667,1.954847,-0.519484,4.904762,516349,516349
437,1,-1,0,0,3.576923,2.857143,6.684211,1.004207,2.466667,2.009382,-0.232114,3.952381,535168,535168
438,1,-1,0,0,3.576923,3.321429,6.368421,0.532636,2.4,1.897503,-0.821664,5.52381,550026,550026
439,1,-1,0,0,2.961538,2.571429,6.368421,0.532636,1.933333,2.200952,0.777378,4.619048,573461,573461
440,1,-1,0,0,3.115385,2.857143,6.315789,0.454041,1.8,1.993342,-0.316635,4.142857,582127,582127
441,1,-1,0,0,3.923077,3.214286,6.105263,0.13966,2.466667,2.265396,1.116966,5.190476,645118,645118
442,1,-1,0,0,3.307692,2.821429,6.157895,0.218255,3.066667,2.238414,0.974782,4.47619,648254,648254
443,1,-1,1,0,4.115385,3.892857,5.842105,-0.253316,1.466667,2.075835,0.118063,4.666667,649748,649748
444,1,-1,0,0,2.769231,2.321429,5.947368,-0.096125,1.933333,2.354099,1.584391,5.095238,693504,693504
445,1,-1,1,0,3.653846,3.035714,6.684211,1.004207,2.4,2.071895,0.097306,4.571429,699349,699349
446,1,-1,0,0,2.692308,2.678571,6.157895,0.218255,2.266667,2.172831,0.62919,5.571429,699893,699893
447,1,-1,1,0,3.423077,2.857143,5.315789,-1.039267,4.2,1.88204,-0.903146,4,707742,707742
448,1,-1,0,0,2.807692,2.071429,6.210526,0.29685,1.733333,2.350369,1.564739,4,709795,709795
449,1,-1,1,0,3.153846,2.928571,6.842105,1.239992,1.533333,2.517544,2.445673,4.619048,751166,751166
450,1,-1,0,0,2.807692,2.357143,6.315789,0.454041,1.933333,2.283422,1.211958,4.666667,764970,764970
451,1,-1,1,0,3.576923,3.392857,6.526316,0.768421,2,1.993521,-0.315693,4.904762,789049,789049
452,1,-1,0,0,3.653846,3.071429,7.157895,1.711563,2.733333,1.919748,-0.704443,4.619048,910610,910610
453,1,-1,0,0,3.307692,2.785714,6.789474,1.161397,1.866667,2.029135,-0.128021,4.285714,962032,962032
454,0,-1,0,0,3.692308,2.821429,6.157895,0.218255,3.066667,1.956312,-0.511769,5.380952,677952,193504
455,0,-1,0,0,2.576923,2.857143,6,-0.01753,1.866667,2.254464,1.059362,5,704007,89862
456,0,-1,0,0,3.538462,3.642857,6.421053,0.611231,2.2,2.305504,1.328317,4.285714,706877,71508
457,0,-1,1,0,4.692308,3.107143,6.368421,0.532636,3.333333,2.015349,-0.200671,3.47619,707264,37515
458,0,-1,0,0,3.615385,3.107143,6.105263,0.13966,1.666667,1.769141,-1.498075,4.095238,710461,540231
459,0,-1,0,0,2.846154,2.892857,6.684211,1.004207,2.066667,2.135436,0.432135,3.904762,714362,326848
460,0,-1,0,0,3.230769,2.464286,6.631579,0.925611,1.933333,1.865046,-0.992696,4.571429,735432,M17486
461,0,-1,0,0,3.423077,2.535714,6.263158,0.375446,2.133333,1.785895,-1.40979,5.761905,749319,189260
462,0,-1,0,0,3.615385,2.678571,6.421053,0.611231,2.466667,2.080394,0.142089,4.047619,749537,84224
463,0,-1,0,0,3.384615,2.285714,5.631579,-0.567696,3.2,1.831249,-1.170794,5.380952,778570,291281
464,0,-1,0,0,3.538462,2.642857,6.578947,0.847016,2.266667,2.16612,0.593827,4.190476,818055,297995
465,0,-1,0,0,3.153846,2.75,6.421053,0.611231,2.133333,2.162036,0.572304,5.428571,828892,74562
466,0,-1,0,0,3.192308,2.357143,6.315789,0.454041,3.333333,1.727132,-1.719444,6.52381,840004,138861
467,0,-1,0,0,3.346154,3.142857,6.894737,1.318587,1.6,2.051806,-0.008555,5.761905,867375,813148
468,0,-1,0,0,3.384615,3.535714,6.736842,1.082802,2.2,2.224924,0.903696,3.761905,892880,181335
469,0,-1,0,0,3.192308,2.464286,6.210526,0.29685,2.133333,2.208333,0.816272,3.428571,899391,715473
470,0,-1,0,0,2.307692,3.285714,5.631579,-0.567696,2.666667,2.327273,1.44303,3.238095,962609,129325
471,0,-1,0,0,3.807692,3,5.736842,-0.410506,3.6,1.862637,-1.00539,4.571429,981420,567735
472,0,-1,0,0,3.192308,3,6.105263,0.13966,2.2,2.085221,0.167524,3.904762,B10895,482636
473,0,-1,0,0,2.846154,3.178571,6.157895,0.218255,2.533333,2.124629,0.375186,3.952381,C00076,77750
474,0,-1,0,0,3.461538,2.821429,5.368421,-0.960672,2.466667,2.444444,2.060472,3.095238,C04685,809075
475,1,1,1,0,2.653846,2.821429,1.894737,-0.141354,2.583333,2,0.272726,6,482638,482638
476,1,1,0,0,3.230769,2.857143,1.947368,-0.067152,2.708333,2.15735,1.134237,5.666667,494041,494041
477,1,1,0,0,3.076923,3,1.894737,-0.141354,2.666667,1.987013,0.20162,4.809524,500914,500914
478,1,1,1,0,3.038462,2.607143,1.842105,-0.215556,1.958333,1.770884,-0.981712,6.904762,504430,504430
479,1,1,1,0,2.653846,2.607143,1.631579,-0.512364,2.291667,2.055232,0.575126,5.428571,512579,512579
480,1,1,1,0,4.076923,3.357143,1.842105,-0.215556,2.833333,1.87386,-0.417908,5.619048,519220,519220
481,1,1,0,0,2.653846,2.928571,1.947368,-0.067152,2.541667,2.065621,0.632008,5.666667,541170,541170
482,1,1,0,0,3.115385,3.357143,1.736842,-0.36396,2.166667,1.996664,0.254462,5.857143,554000,554000
483,1,1,0,0,2.653846,1.964286,2.736842,1.045879,2.083333,2,0.272726,5.428571,567668,567668
484,1,1,0,0,2.346154,2.428571,2.157895,0.229657,3.041667,1.745666,-1.119787,5.714286,572349,572349
485,1,1,0,0,2.230769,2.857143,1.736842,-0.36396,2.333333,1.804905,-0.795444,6.095238,588873,588873
486,1,1,0,0,2.923077,3.214286,1.842105,-0.215556,3.208333,2.25942,1.693085,4.380952,610979,610979
487,1,1,0,0,2.807692,2.464286,2,0.00705,2.166667,2.063538,0.620603,5.857143,616550,616550
488,1,1,0,0,3.038462,2.785714,2,0.00705,3.083333,1.847561,-0.561897,6.904762,639131,639131
489,1,1,1,0,3.307692,3.392857,2,0.00705,2.583333,1.932883,-0.094749,5.666667,640779,640779
490,1,1,0,0,2.846154,2.642857,1.631579,-0.512364,2.916667,2.22563,1.50808,5.904762,648711,648711
491,1,1,0,0,3.307692,3,1.789474,-0.289758,2.666667,1.777426,-0.945894,6,664697,664697
492,1,1,1,1,2.615385,2.178571,3.210526,1.713697,2.75,2.370734,2.302542,4.571429,668630,668630
493,1,1,0,0,2.769231,2.785714,1.947368,-0.067152,1.916667,2.093277,0.783427,5.428571,684135,684135
494,1,1,0,0,2.884615,2.75,2.157895,0.229657,2.5,2.002703,0.287524,5.47619,713735,713735
495,1,1,0,0,2.692308,2.464286,1.894737,-0.141354,1.541667,1.897204,-0.290094,6.095238,716927,716927
496,1,1,0,0,2.692308,2.642857,2.421053,0.600667,2.291667,1.986667,0.199724,5.904762,721097,721097
497,1,1,0,0,2.769231,2.75,1.842105,-0.215556,2.291667,2.043987,0.513562,5.380952,721842,721842
498,1,1,0,0,2.230769,2.357143,1.736842,-0.36396,2.791667,1.916226,-0.185949,6.095238,726848,726848
499,1,1,0,0,3.346154,3.392857,1.947368,-0.067152,2.875,2.010965,0.33276,5.047619,729185,729185
500,1,1,0,0,2.615385,2.678571,1.894737,-0.141354,2.125,1.823219,-0.695174,6.238095,749768,749768
501,1,1,0,0,2.5,2.214286,2.052632,0.081252,2.666667,2.023065,0.399012,4.380952,752320,752320
502,1,1,1,0,2.730769,2.75,2.526316,0.749071,1.916667,2.026671,0.418755,6,763722,763722
503,1,1,0,0,2.923077,2.714286,2.526316,0.749071,1.833333,1.992327,0.230717,4.857143,768915,768915
504,1,1,0,0,3.115385,2.714286,2.052632,0.081252,2.083333,1.80243,-0.808997,5.333333,801152,801152
505,1,1,0,0,2.846154,2.821429,1.894737,-0.141354,1.791667,1.840126,-0.602604,4.428571,812974,812974
506,1,1,0,0,2.692308,2.392857,2.368421,0.526465,1.666667,1.874511,-0.414343,6.761905,890793,890793
507,1,1,0,0,2.653846,2.25,1.578947,-0.586566,1.416667,2.20641,1.402848,5.047619,898522,898522
508,0,1,0,0,3.230769,3.25,2.210526,0.303859,2,1.86663,-0.457494,5.380952,419632,97000
509,0,1,0,0,2.384615,3.357143,3.052632,1.491091,1.625,1.763636,-1.021395,6.761905,433395,185243
510,0,1,0,0,2.5,3.571429,1.631579,-0.512364,1.625,2.203093,1.384684,5.333333,464128,94260
511,0,1,1,0,3.230769,2.892857,1.631579,-0.512364,2.166667,1.862414,-0.480575,7.190476,467583,13568
512,0,1,0,0,3.346154,2.214286,2.526316,0.749071,2.041667,1.974929,0.135458,6.190476,474101,106047
513,0,1,0,0,3.384615,2.428571,2.631579,0.897475,2.416667,1.801438,-0.814424,6,475052,128087
514,0,1,0,0,2.769231,1.892857,1.894737,-0.141354,1.458333,2.132035,0.995632,5.904762,476234,E03861
515,0,1,0,0,2.5,2.75,2.684211,0.971677,2.916667,1.560026,-2.136188,5.904762,479916,82603
516,0,1,0,0,2.846154,2.821429,2.368421,0.526465,1.708333,1.784756,-0.905762,6.190476,481082,R04590
517,0,1,0,0,2.769231,2.785714,1.947368,-0.067152,2.166667,1.955378,0.028415,6.761905,489677,962215
518,0,1,1,0,2.461538,2.5,1.631579,-0.512364,1.875,2.125878,0.961924,5.428571,494938,97358
519,0,1,0,0,3,2.178571,1.947368,-0.067152,2.083333,2.362237,2.256018,5.857143,501831,D20222
520,0,1,0,0,3.5,2.392857,2.157895,0.229657,2.333333,1.735998,-1.172717,5.857143,507173,T34721
521,0,1,1,0,3.153846,2.285714,1.631579,-0.512364,3.375,1.92702,-0.126849,6.666667,525414,31072
522,0,1,0,0,2.961538,3.321429,1.842105,-0.215556,2.041667,2.044767,0.51783,5.285714,535665,105889
523,0,1,0,0,3,2.571429,2,0.00705,1.75,2.016955,0.365558,3.619048,537539,235687
524,0,1,0,0,2.807692,2.857143,1.684211,-0.438162,2,1.931818,-0.100578,6.238095,538979,124153
525,0,1,0,0,3.076923,2.214286,1.842105,-0.215556,2.25,1.886119,-0.350789,6.904762,561314,J18821
526,0,1,0,0,2.038462,4.357143,2.052632,0.081252,3.041667,1.923344,-0.146978,6.809524,568570,216317
527,0,1,0,0,3.346154,2.75,1.947368,-0.067152,1.75,1.824675,-0.687199,5.904762,578220,571177
528,0,1,0,0,2.615385,4.464286,1.842105,-0.215556,2,2.176779,1.240611,5.952381,580812,181895
529,0,1,0,0,3.692308,2.571429,2,0.00705,2.416667,2.132083,0.995899,5.904762,601137,929924
530,0,1,0,0,2.961538,2.642857,1.947368,-0.067152,2.791667,2.042875,0.507471,5.904762,612063,64623
531,0,1,0,0,2.153846,2.75,2.842105,1.194283,1.833333,2.127497,0.970789,4.904762,615791,167511
532,0,1,0,0,3.346154,2.785714,2.473684,0.674869,3.125,1.873331,-0.420803,5.571429,671759,92931
533,0,1,0,0,3.038462,2.857143,2,0.00705,1.458333,2.222782,1.492487,5.095238,693198,135271
534,0,1,0,0,2.692308,4.321429,1.684211,-0.438162,2.041667,1.905745,-0.243329,6.095238,695895,103964
535,0,1,0,0,3.153846,2.678571,2.157895,0.229657,2.041667,1.673041,-1.517417,5.857143,698386,132571
536,0,1,0,0,3.115385,2.642857,4.473684,3.494546,1.416667,2.130468,0.987053,4.47619,706963,169307
537,0,1,0,0,2.846154,2.392857,3,1.416889,2.25,1.718087,-1.270785,6.190476,721819,963022
538,0,1,0,0,2.807692,2.821429,2.315789,0.452263,1.625,2.315694,2.001192,5.380952,722741,P08260
539,0,1,0,0,3.615385,2.785714,1.947368,-0.067152,1.833333,2.12375,0.950273,5.333333,745804,38270
540,0,1,0,0,3.692308,2.392857,1.789474,-0.289758,2.416667,1.966486,0.089235,4.761905,763164,781351
541,1,-1,0,0,2.8,2.83871,6.545455,0.797001,1.8,2.291315,1.253549,5.6,973885,973885
542,1,-1,0,0,2.866667,2.645161,6.681818,1.000634,1.733333,1.965375,-0.464009,5.7,977097,977097
543,1,-1,0,0,2.533333,2.290323,6.5,0.729124,2.733333,2.191509,0.727618,6.1,990054,990054
544,1,-1,1,0,3.733333,3.387097,6.727273,1.068512,1.666667,2.370595,1.671316,3.9,992634,992634
545,1,-1,0,0,3.233333,2.451613,5.318182,-1.035694,2,2.154957,0.535003,5.4,996584,996584
546,1,-1,0,0,3.133333,2.806452,6.409091,0.593368,2.666667,1.991179,-0.328031,3.75,D30662,D30662
547,1,-1,0,0,2.933333,2.387097,6.727273,1.068512,1.722222,2.050967,-0.012978,4.15,E34418,E34418
548,1,-1,0,0,2.766667,2.193548,6.954545,1.4079,1.666667,2.155675,0.538787,5.25,H10118,H10118
549,1,-1,1,0,3.966667,3.806452,6.5,0.729124,2.222222,1.879146,-0.918399,6.55,H12548,H12548
550,1,-1,0,0,3.566667,2.741935,7,1.475777,2.722222,2.215837,0.855811,4.2,H13715,H13715
551,1,-1,0,0,3.7,3.322581,6.636364,0.932756,2.666667,2.180345,0.668786,4.65,H27248,H27248
552,1,-1,0,0,2.133333,2.419355,6.136364,0.186103,1.555556,2.130435,0.405782,4.6,J01369,J01369
553,1,-1,0,0,2.9,2.387097,6.090909,0.118225,2.333333,2.247523,1.022785,4.45,J03479,J03479
554,1,-1,0,0,2.7,2.322581,6.636364,0.932756,3.388889,2.076114,0.119537,5.6,J08118,J08118
555,1,-1,0,0,2.8,2.354839,6.363636,0.525491,2.388889,1.927736,-0.66235,4.75,J18546,J18546
556,1,-1,0,0,3.033333,2.516129,6.181818,0.25398,1.555556,2.333165,1.474081,5.1,J19087,J19087
557,1,-1,0,0,3.1,3.387097,6.409091,0.593368,2.722222,2.112391,0.3107,4.85,J25731,J25731
558,1,-1,0,0,2.733333,2.387097,4.772727,-1.850226,1.833333,2.396148,1.805971,4.45,J29603,J29603
559,1,-1,0,0,3.266667,2.967742,6.090909,0.118225,2.5,2.013976,-0.207902,4.05,J29642,J29642
560,1,-1,1,0,4,3.677419,5.545455,-0.696306,2.722222,1.794487,-1.36451,5,J30192,J30192
561,1,-1,0,0,3.066667,2.870968,6.636364,0.932756,2.611111,2.159324,0.558014,4,J40512,J40512
562,0,-1,0,0,2.933333,3.064516,7.045455,1.543655,1.722222,2.055382,0.010285,4.3,C05253,704007
563,0,-1,0,0,2.833333,2.419355,5.954545,-0.085408,1.888889,2.251412,1.04328,5.05,D37377,V03090
564,0,-1,0,0,3.433333,2.741935,6.454545,0.661246,2.611111,1.888506,-0.869075,3.85,E29738,710461
565,0,-1,0,0,2.966667,2.709677,6.454545,0.661246,1.944444,2.008475,-0.236894,4.95,I05362,262009
566,0,-1,0,0,3.433333,3.419355,7.136364,1.67941,1.944444,2.239115,0.978476,3.8,J19143,314377
567,0,-1,0,0,3.2,2.096774,6.454545,0.661246,2.555556,1.901316,-0.801572,5.9,J31101,D37377
568,0,-1,0,0,3.233333,2.806452,6.727273,1.068512,2.222222,2.241908,0.993197,5.2,J33262,N23941
569,0,-1,0,0,3.1,2.451613,6.863636,1.272144,2.111111,2.319492,1.402026,3.5,J42039,C00076
570,0,-1,0,0,3.733333,3.322581,6.818182,1.204267,2.444444,2.305648,1.329076,3.8,J44578,205901
571,0,-1,0,0,3,2.83871,6.681818,1.000634,2.277778,2.053259,-0.000899,4.15,J46718,X12105
572,0,-1,0,0,3.333333,2.064516,5.090909,-1.375082,1.722222,2.126609,0.385619,4.45,K08941,T20383
573,0,-1,0,0,2.433333,2.516129,6.636364,0.932756,2.222222,1.966292,-0.459176,5.9,L23877,M05380
574,0,-1,1,1,3.6,3.225806,6.136364,0.186103,1.833333,2.280769,1.197977,3.9,L60155,L60155
575,0,-1,0,0,2.9,2.322581,4.909091,-1.646593,2.222222,2.092995,0.208492,6.8,L93141,46920
576,0,-1,0,0,2.966667,2.741935,6.954545,1.4079,2.777778,1.979452,-0.389829,4.05,L93999,T45536
577,0,-1,0,0,2.966667,2.83871,6.090909,0.118225,2.055556,2.396796,1.809385,4.55,M05380,139748
578,0,-1,0,0,3.266667,2.516129,5.772727,-0.356918,1.333333,1.686917,-1.93136,5.65,M09499,X39530
579,0,-1,0,0,3.1,2.580645,7.090909,1.611533,2.944444,2.271852,1.150986,4.85,M11269,781113
580,0,-1,0,0,2.833333,3.096774,6.772727,1.136389,1.944444,1.929487,-0.653122,6.15,M12748,148425
581,0,-1,0,0,2.9,2.741935,6.954545,1.4079,2.055556,2.265686,1.118497,5.1,M22617,80261
582,0,-1,0,0,4.266667,2.612903,6,-0.01753,2.222222,1.86528,-0.991463,6.2,M78270,P46935
583,1,1,1,0,2.966667,2.483871,1.727273,-0.377451,2.5,2.051567,0.555063,6.2,899500,899500
584,1,1,1,0,3.366667,2.548387,1.863636,-0.1852,2.708333,2.027397,0.422729,5.05,905288,905288
585,1,1,1,0,2.733333,2.290323,1.409091,-0.826036,1.583333,2.047119,0.530711,6.35,911193,911193
586,1,1,0,0,2.3,2,1.590909,-0.569702,2.166667,1.752769,-1.080898,6.85,914949,914949
587,1,1,0,0,2.7,2.193548,1.363636,-0.89012,1.583333,2.230173,1.532953,6.95,927442,927442
588,1,1,0,0,2.8,2.193548,2.045455,0.071134,1.75,2.272096,1.762488,6.45,936283,936283
589,1,1,0,0,2.8,2.064516,2,0.00705,2.375,1.851111,-0.54246,6.7,941687,941687
590,1,1,1,0,2.433333,1.870968,1.5,-0.697869,2,2.06338,0.619741,6.5,969121,969121
591,1,1,0,0,3.866667,2.903226,1.863636,-0.1852,1.833333,2.027973,0.425884,4.7,989102,989102
592,1,1,0,0,2.533333,2.193548,1.954545,-0.057033,2,2.054674,0.572072,5.55,991988,991988
593,1,1,0,0,2.6,2.096774,2.409091,0.583803,2,1.767606,-0.999663,6.2,D35843,D35843
594,1,1,1,0,2.466667,1.709677,1.727273,-0.377451,2.208333,2.323917,2.046213,6.25,D40377,D40377
595,1,1,0,0,4.033333,3.096774,2.227273,0.327468,1.708333,2.112958,0.891185,4.8,E02957,E02957
596,1,1,0,0,3.266667,2.419355,1.545455,-0.633785,1.958333,1.917929,-0.176622,6.6,E08942,E08942
597,1,1,0,0,3.033333,2.290323,1.727273,-0.377451,1.625,1.785826,-0.899906,6.45,E11617,E11617
598,1,1,0,0,3.166667,2.516129,1.772727,-0.313367,1.791667,2.227887,1.520438,4.05,E20773,E20773
599,1,1,0,0,3.333333,2.193548,1.590909,-0.569702,2.375,2.369231,2.294311,5.55,H06832,H06832
600,1,1,0,0,2.866667,2.322581,2.318182,0.455635,3.375,2.068966,0.650321,5.85,H17413,H17413
601,1,1,0,0,4.066667,3.290323,1.545455,-0.633785,1.666667,1.872399,-0.425908,4.15,H23012,H23012
602,1,1,0,0,3.033333,2.129032,2.590909,0.840137,2.125,2.08168,0.719934,6.6,J12116,J12116
603,1,1,0,0,3.066667,2.225806,2.090909,0.135218,1.916667,2.262195,1.708278,5.4,J30258,J30258
604,1,1,0,1,2.533333,2.064516,1.590909,-0.569702,2.458333,2.023543,0.401628,4.6,J34141,J34141
605,1,1,0,0,2.5,2.032258,1.636364,-0.505618,1.666667,2.173913,1.224922,5.25,J35401,J35401
606,1,1,0,0,3.2,2.709677,2.545455,0.776053,1.583333,2.186669,1.294765,4.55,J46231,J46231
607,1,1,0,0,1.966667,1.870968,2.409091,0.583803,2.75,1.873016,-0.422528,4.6,J46401,J46401
608,1,1,0,0,3.033333,2.419355,1.5,-0.697869,2.458333,1.901639,-0.265811,5.1,K04389,K04389
609,1,1,0,0,3.066667,2.483871,2.045455,0.071134,2.583333,1.981719,0.172635,5.65,K51342,K51342
610,1,1,1,0,4.2,3.774194,1.545455,-0.633785,1.791667,1.954628,0.024308,4.35,K54395,K54395
611,1,1,0,0,3.633333,2.645161,2.363636,0.519719,2.15,1.912014,-0.209007,6.25,L31274,L31274
612,1,1,0,0,3.633333,2.83871,2.136364,0.199301,2.3,2.04023,0.49299,4.95,L49959,L49959
613,1,1,0,0,2.7,2.258065,3.909091,2.698561,2.7,2.216149,1.45617,4.75,M16320,M16320
614,1,1,0,0,2.633333,2.258065,3.863636,2.634477,2.55,1.789243,-0.881194,6.55,M16321,M16321
615,1,1,0,0,2.633333,2.16129,2.363636,0.519719,2.1,1.838085,-0.61378,6.15,M25274,M25274
616,0,1,0,0,1.833333,2.645161,1.545455,-0.633785,1.95,2.272942,1.767118,6.9,765066,92504
617,0,1,0,0,3.333333,3.258065,1.590909,-0.569702,2.45,2.09011,0.766089,5.45,767816,B01827
618,0,1,0,0,2.533333,2.806452,1.863636,-0.1852,2.8,1.805425,-0.792595,6.65,769412,36465
619,0,1,0,0,2.533333,2.419355,3,1.416889,2.5,1.900585,-0.271585,6.55,772307,54904
620,0,1,1,0,3.566667,2.677419,1.818182,-0.249284,2.3,2.109332,0.871334,6.5,773461,38846
621,0,1,0,0,3.2,2.612903,1.409091,-0.826036,2.95,2.017857,0.370496,6.25,779739,94101
622,0,1,0,0,2.8,2.225806,2.363636,0.519719,1.7,1.979211,0.158902,5.6,781351,125893
623,0,1,0,0,2.233333,2.193548,2.454545,0.647886,2.35,1.735518,-1.175345,6.8,792154,593240
624,0,1,0,0,3.366667,2.225806,1.772727,-0.313367,2.3,1.820455,-0.710308,6.35,792679,V21769
625,0,1,1,0,2.666667,2.709677,2.727273,1.032388,2.8,1.826389,-0.677817,7,801507,199141
626,0,1,0,0,2.966667,2.935484,1.272727,-1.018287,2.45,1.952671,0.013595,6.9,822695,304994
627,0,1,0,0,3.5,2.677419,1.5,-0.697869,2.65,2.218326,1.468087,6,835351,111447
628,0,1,0,0,4.1,2.709677,1.545455,-0.633785,2.7,1.802137,-0.810598,6.8,856391,X15553
629,0,1,0,0,2.8,2.806452,1.772727,-0.313367,2.5,1.838542,-0.611279,6.8,864205,848161
630,0,1,0,0,3.166667,3.516129,3.772727,2.50631,2.05,1.794913,-0.850153,6.05,868190,168873
631,0,1,1,0,3.5,2.483871,1.545455,-0.633785,2.8,1.853846,-0.527485,6.95,885519,W45311
632,0,1,1,0,2.566667,2.419355,1.454545,-0.761952,2.6,1.98,0.163223,5.6,895669,V12797
633,0,1,1,0,2.766667,2.16129,1.954545,-0.057033,2.9,1.914706,-0.19427,6.45,909310,V05687
634,0,1,0,0,2.633333,2.483871,1.636364,-0.505618,3.05,1.86818,-0.449006,6.6,914886,J48047
635,0,1,0,0,3.166667,2.612903,1.363636,-0.89012,2.6,1.746678,-1.114246,7.05,920462,138063
636,0,1,0,0,2.666667,2.129032,1.727273,-0.377451,2,2.032377,0.449997,5.55,921424,Q13830
637,0,1,0,0,3.433333,3.064516,1.181818,-1.146454,2.35,1.727273,-1.220491,6.85,930959,M80683
638,0,1,0,0,4.166667,2.16129,1.318182,-0.954203,2.95,2.060961,0.606493,5.4,937428,C01234
639,0,1,0,0,2.766667,1.774194,1.590909,-0.569702,2.55,1.935526,-0.080276,7,945864,R79463
640,0,1,0,0,2.9,3.258065,2.090909,0.135218,2.85,1.714691,-1.289378,5.6,958297,A50419
641,0,1,1,0,2.9,4.322581,1.363636,-0.89012,2.15,1.976402,0.143525,6.65,958895,R21358
642,0,1,0,0,2.533333,3.193548,4.5,3.531647,2.2,1.912047,-0.208828,6.1,961798,L52574
643,0,1,0,0,2.1,2.870968,1.5,-0.697869,1.6,1.758621,-1.048856,7.15,975607,861639
644,0,1,0,0,1.933333,2.258065,1.363636,-0.89012,2.75,2.129751,0.98313,6.3,987162,187155
645,0,1,0,0,3.833333,2.032258,1.818182,-0.249284,2.35,2.012821,0.34292,4.55,987180,W01403
646,0,1,0,0,2.9,2.83871,1.590909,-0.569702,2.4,1.975158,0.136714,5.75,994455,P03417
647,0,1,0,0,3.033333,2.806452,3.045455,1.480973,2.7,1.980769,0.167435,6.25,995712,285154
648,0,1,0,0,2.833333,4.064516,2,0.00705,2.7,2.192308,1.325635,6.5,A50647,B09459
649,1,-1,0,0,2.625,3.266667,6.45,0.654458,2.5,2.252232,1.047599,4,J44119,J44119
650,1,-1,0,0,2.125,2.766667,6.35,0.505127,2.444444,2.135582,0.432906,4.65,L31022,L31022
651,1,-1,0,0,2.6875,3,6.35,0.505127,2.111111,2.495763,2.330896,4.1,L36345,L36345
652,1,-1,0,0,2.3125,2.733333,6.2,0.281131,2.388889,2.124486,0.374436,4.85,M03128,M03128
653,1,-1,0,0,2.3125,2.533333,6.45,0.654458,2.888889,1.827879,-1.188551,4.55,N08206,N08206
654,1,-1,0,0,2.5,2.866667,6,-0.01753,2.722222,1.788949,-1.393693,5.05,P01395,P01395
655,1,-1,1,0,2.53125,3.533333,6.55,0.803789,1.5,1.993902,-0.313682,5.15,P36814,P36814
656,1,-1,0,0,2.53125,3.066667,5,-1.510838,2.333333,2.21818,0.868159,4,R05023,R05023
657,1,-1,0,0,2.71875,3.233333,6.5,0.729124,3.222222,1.812629,-1.26891,4.2,R17884,R17884
658,1,-1,0,0,2.1875,3.033333,5.8,-0.316192,2.5,2.143738,0.475885,4.5,T36280,T36280
659,1,-1,0,0,2.71875,3.266667,5.6,-0.614853,2.888889,2.13009,0.403968,4.75,U11648,U11648
660,1,-1,0,0,2.25,2.933333,5.9,-0.166861,2.777778,2.191038,0.725132,3.55,U33164,U33164
661,1,-1,0,0,2.4375,3.033333,6.15,0.206466,1.666667,2.147887,0.497749,4.35,V01514,V01514
662,1,-1,0,0,2.4375,3.2,5.95,-0.092196,3,1.848214,-1.081393,4.25,V25581,V25581
663,1,-1,0,0,2.15625,3.233333,6.65,0.95312,2,2.175996,0.64587,4.2,V26165,V26165
664,1,-1,0,0,2.46875,3.4,4.3,-2.556153,1.944444,2.118056,0.340549,4.6,W08567,W08567
665,1,-1,0,0,2.90625,3.6,5.9,-0.166861,2.555556,1.994488,-0.310596,3.85,X06883,X06883
666,1,-1,0,0,2.8125,3.433333,5.65,-0.540188,2.5,1.892232,-0.849439,4.4,X33939,X33939
667,1,-1,0,0,2.75,3.333333,5.85,-0.241526,2.388889,1.815076,-1.256016,4.25,X45131,X45131
668,0,-1,0,0,2.28125,3.3,4.4,-2.406822,1.666667,1.97619,-0.407016,4.65,N00926,M80629
669,0,-1,0,0,2.5,3.333333,5.85,-0.241526,2.388889,2.421649,1.940348,2.95,P46935,472575
670,0,-1,0,0,2.75,3,6.25,0.355797,2.388889,2.057398,0.020908,5,Q05827,B04103
671,0,-1,0,0,2.59375,3.4,5.55,-0.689518,3.944444,2.01298,-0.213152,4.6,Q12445,C09545
672,0,-1,0,0,3.125,2.966667,5.95,-0.092196,1.555556,1.836101,-1.145228,4.35,R13103,P02429
673,0,-1,0,0,3.0625,3.133333,5.6,-0.614853,1.888889,2.027853,-0.13478,3.35,R15350,M11269
674,0,-1,0,0,2.1875,2.4,5.8,-0.316192,2.444444,2.11613,0.3304,4.6,R17904,387207
675,0,-1,0,0,2.625,3.366667,5.9,-0.166861,1.944444,1.598476,-2.397404,4.85,S02225,N15021
676,0,-1,0,0,3.09375,3.433333,5.8,-0.316192,2.777778,2.050868,-0.013498,3.7,S22926,125785
677,0,-1,0,0,2.53125,2.866667,6.25,0.355797,2.666667,2.236842,0.966501,3.75,S32269,114342
678,0,-1,0,0,2.4375,3.533333,6.45,0.654458,2.388889,1.996053,-0.302352,4.55,T12759,Y08089
679,0,-1,0,0,2.21875,2.433333,5,-1.510838,3.722222,1.991671,-0.32544,4.9,T14695,H32319
680,0,-1,0,0,2.28125,3.566667,5.7,-0.465522,3.111111,2.387822,1.762095,4.8,T20383,126345
681,0,-1,0,1,1.6875,3.2,5.5,-0.764184,2.333333,2.064322,0.0574,4.75,T28302,X48882
682,0,-1,0,0,3.65625,2.833333,5.4,-0.913515,1.944444,2.086806,0.175876,3.25,T41896,J30031
683,0,-1,0,0,2.6875,2.866667,6.8,1.177116,2.888889,2.436625,2.019265,4.4,T45536,191627
684,0,-1,0,0,2.53125,3.333333,6.7,1.027785,2.277778,1.890546,-0.858323,4.1,V03090,130288
685,0,-1,0,0,3.46875,2.2,5.2,-1.212176,1.777778,2.067424,0.073745,4.6,V06141,J19143
686,0,-1,0,0,1.84375,3.166667,5.85,-0.241526,1.777778,2.161979,0.572007,4.6,W08603,J33262
687,1,1,0,0,2.125,2.633333,2.5,0.71197,2.2,1.712888,-1.299247,5.15,N00676,N00676
688,1,1,1,0,1.5625,2.4,3.5,2.121808,2.2,2.34594,2.166792,5.35,N15968,N15968
689,1,1,0,0,2.15625,2.866667,1.9,-0.133933,2.7,2.090524,0.768356,5.3,P31867,P31867
690,1,1,0,0,2.0625,2.866667,1.85,-0.204425,2.25,2.035099,0.464895,4.55,Q09582,Q09582
691,1,1,0,0,2.1875,3.033333,2,0.00705,2,2.059912,0.600753,4.6,Q13157,Q13157
692,1,1,0,1,1.9375,2,2.3,0.430002,1.9,2.246032,1.619781,5.7,Q23494,Q23494
693,1,1,0,0,2.125,2.633333,2.55,0.782462,2.1,1.907925,-0.231394,5.15,Q26629,Q26629
694,1,1,0,0,1.6875,2.633333,2.15,0.218526,1.7,1.764775,-1.015162,6.5,R17262,R17262
695,1,1,0,0,2.15625,3.1,1.45,-0.768361,1.8,1.948529,-0.009082,6.65,R30302,R30302
696,1,1,0,0,2.96875,3.366667,2.5,0.71197,2.55,1.902829,-0.259297,5,R74761,R74761
697,1,1,0,0,1.875,2.366667,3.9,2.685744,1.5,2.340909,2.139247,6.2,T28329,T28329
698,1,1,0,0,1.96875,2.933333,2.4,0.570986,1.85,2.030058,0.437299,6.9,U13479,U13479
699,1,1,0,0,1.5,2.3,2.3,0.430002,1.45,1.829207,-0.662389,6.8,U21898,U21898
700,1,1,0,0,1.96875,2.966667,1.5,-0.697869,1.85,1.859921,-0.494226,6.45,U38267,U38267
701,1,1,0,0,1.90625,2.666667,2.25,0.35951,2.5,1.793306,-0.85895,3.3,U41472,U41472
702,1,1,0,0,2.0625,3.133333,2.7,0.993937,1.95,2.089238,0.761318,3.45,U44139,U44139
703,1,1,0,0,2.28125,3.066667,2.1,0.148034,2.9,1.91256,-0.206017,5.45,V02093,V02093
704,1,1,0,0,1.71875,2.233333,2.1,0.148034,1.95,2.245699,1.617959,5.75,V14470,V14470
705,1,1,0,0,2.5,3.166667,2,0.00705,2.6,2.033871,0.458174,3.3,V19522,V19522
706,1,1,0,0,2.5,2.866667,1.35,-0.909345,2.5,1.674202,-1.511059,6,V29754,V29754
707,1,1,0,0,2.46875,2.666667,4.95,4.166074,2.35,2.102597,0.83446,4.45,V29877,V29877
708,1,1,0,0,2.53125,2.966667,1.75,-0.345409,2.7,1.945055,-0.028105,5.4,X18736,X18736
709,1,1,0,0,2.25,2.833333,2.85,1.205413,2.1,2.312997,1.986426,4.1,X23653,X23653
710,1,1,0,0,1.90625,2.633333,2.3,0.430002,1.9,2.044838,0.518221,5.85,X40969,X40969
711,1,1,0,0,1.75,2.5,2.4,0.570986,2.4,1.924842,-0.138775,3.95,X50469,X50469
712,1,1,1,0,1.96875,2.866667,1.6,-0.556885,1.85,1.972598,0.122694,4.05,Y01561,Y01561
713,1,1,1,0,2.75,3.766667,1.6,-0.556885,1.95,2.419718,2.570737,6.65,Y02046,Y02046
714,1,1,0,0,2.65625,3.066667,1.25,-1.050329,2.5,2.059425,0.598084,6.15,Y32888,Y32888
715,0,1,0,0,2.65625,3.3,1.6,-0.556885,1.95,1.635936,-1.720572,5.95,A50783,R22569
716,0,1,0,0,2.3125,3.866667,4.55,3.602139,2.45,2.037043,0.475539,5.25,B01376,114818
717,0,1,0,0,2.03125,2.8,3.15,1.628365,2.45,2.023995,0.404104,4.7,B01404,X30051
718,0,1,1,0,2.40625,2.666667,1.6,-0.556885,1.65,1.869935,-0.439398,6.6,B02241,Y29703
719,0,1,0,0,1.9375,2.233333,3.45,2.051316,2.55,1.991823,0.227955,5,B05700,124489
720,0,1,0,0,2.21875,2.8,4.7,3.813615,1.8,2.415982,2.550283,5.65,B06486,H14407
721,0,1,1,1,2.53125,2.266667,2.4,0.570986,2.75,1.95261,0.01326,4.25,B07490,J24236
722,0,1,0,0,2.21875,3.1,2.95,1.346397,1.95,1.971518,0.116784,4.5,B07570,165749
723,0,1,0,0,2.625,3.466667,2.2,0.289018,1.6,1.971429,0.116294,6.1,B08006,28736
724,0,1,0,0,2.40625,2.633333,1.65,-0.486393,2.45,2.092489,0.779113,4.3,B10299,617886
725,0,1,1,0,3,3.733333,4.95,4.166074,1.8,1.905,-0.247411,6.3,B11326,575080
726,0,1,1,0,2.34375,2.866667,1.95,-0.063442,1.75,1.736842,-1.168097,5.6,B12983,79831
727,0,1,1,0,2.125,3.066667,1.9,-0.133933,1.75,1.871891,-0.42869,6.5,C01002,521805
728,0,1,0,0,2.5625,2.733333,1.7,-0.415901,3.45,1.847491,-0.562279,3.8,C01234,664840
729,0,1,1,0,2.59375,2.766667,2.15,0.218526,2.35,1.699064,-1.374934,6,C02441,H41234
730,0,1,0,0,1.90625,2.833333,2.45,0.641478,1.55,2.081124,0.716892,5.15,C02576,199197
731,0,1,0,0,2.8125,2.533333,1.4,-0.838853,2.55,1.74247,-1.137284,5.75,C05161,C07552
732,0,1,0,0,1.9375,1.7,1.8,-0.274917,2.6,1.751401,-1.088388,5.35,C06380,B07490
733,0,1,0,0,2.53125,1.6,1.85,-0.204425,1.8,1.940183,-0.054782,5.85,C06874,P14141
734,0,1,0,0,2,3.766667,2.6,0.852954,1.8,2.394231,2.43119,3.1,C07835,M74799
735,0,1,0,0,2.84375,2.4,1.8,-0.274917,3.15,1.827454,-0.671987,5.6,D03354,566284
736,0,1,0,0,2,4.166667,1.65,-0.486393,2.05,2.158967,1.143091,5.95,D05761,T20318
737,0,1,0,0,1.90625,1.9,1.35,-0.909345,1.45,1.930854,-0.105855,6.4,D29735,166252
738,0,1,0,0,2.5,2.133333,2.3,0.430002,2,1.918614,-0.172873,4.9,D31423,J14923
739,0,1,0,0,2.875,3.1,1.8,-0.274917,2.35,1.823205,-0.695248,4.15,E00270,H21339
740,0,1,1,0,2.21875,2.7,3.15,1.628365,1.8,2.397887,2.45121,4.65,E00936,U04861
741,0,1,0,0,1.90625,3.9,2.5,0.71197,1.9,1.915246,-0.191312,5.3,E02128,113013
742,0,1,0,0,2.46875,3.6,1.85,-0.204425,2.1,2.11039,0.877123,4.65,E13011,104443
